type,expiry,strike,IV,LTP,Volume
Call,03-Jul-2025,22800,0.0,2720.0,0
Put,03-Jul-2025,22800,33.56,0.9,503748
Call,03-Jul-2025,22850,0.0,2205.45,0
Put,03-Jul-2025,22850,32.81,0.85,139933
Call,03-Jul-2025,22900,0.0,2629.25,0
Put,03-Jul-2025,22900,32.94,1.05,82219
Call,03-Jul-2025,22950,0.0,2574.65,0
Put,03-Jul-2025,22950,32.21,1.0,36893
Call,03-Jul-2025,23000,0.0,2653.4,32
Put,03-Jul-2025,23000,32.1,1.15,193017
Call,03-Jul-2025,23050,0.0,2052.35,0
Put,03-Jul-2025,23050,31.39,1.1,25089
Call,03-Jul-2025,23100,0.0,2250.0,0
Put,03-Jul-2025,23100,31.1,1.2,83161
Call,03-Jul-2025,23150,0.0,1945.9,0
Put,03-Jul-2025,23150,31.03,1.4,20928
Call,03-Jul-2025,23200,46.91,2500.0,1
Put,03-Jul-2025,23200,30.2,1.3,71915
Call,03-Jul-2025,23250,0.0,1810.95,0
Put,03-Jul-2025,23250,29.5,1.25,24153
Call,03-Jul-2025,23300,0.0,2360.65,4
Put,03-Jul-2025,23300,28.8,1.2,56937
Call,03-Jul-2025,23350,0.0,1726.45,0
Put,03-Jul-2025,23350,28.92,1.5,25247
Call,03-Jul-2025,23400,0.0,1955.0,0
Put,03-Jul-2025,23400,28.44,1.55,67014
Call,03-Jul-2025,23450,0.0,2180.0,2
Put,03-Jul-2025,23450,27.96,1.6,25437
Call,03-Jul-2025,23500,0.0,2157.1,23
Put,03-Jul-2025,23500,27.46,1.65,239091
Call,03-Jul-2025,23550,0.0,1955.0,0
Put,03-Jul-2025,23550,26.97,1.7,26946
Call,03-Jul-2025,23600,0.0,1997.95,2
Put,03-Jul-2025,23600,26.29,1.65,104728
Call,03-Jul-2025,23650,0.0,1412.6,0
Put,03-Jul-2025,23650,25.79,1.7,36777
Call,03-Jul-2025,23700,0.0,1875.0,4
Put,03-Jul-2025,23700,25.2,1.7,140014
Call,03-Jul-2025,23750,0.0,1571.9,0
Put,03-Jul-2025,23750,25.08,2.0,37786
Call,03-Jul-2025,23800,0.0,1835.0,6
Put,03-Jul-2025,23800,24.63,2.1,180829
Call,03-Jul-2025,23850,0.0,1385.0,0
Put,03-Jul-2025,23850,24.23,2.25,71116
Call,03-Jul-2025,23900,25.81,1777.85,15
Put,03-Jul-2025,23900,23.94,2.5,220539
Call,03-Jul-2025,23950,0.0,1547.25,0
Put,03-Jul-2025,23950,23.44,2.6,47777
Call,03-Jul-2025,24000,0.0,1655.5,391
Put,03-Jul-2025,24000,22.88,2.7,405339
Call,03-Jul-2025,24050,0.0,1449.0,0
Put,03-Jul-2025,24050,22.53,2.9,45035
Call,03-Jul-2025,24100,20.7,1575.65,16
Put,03-Jul-2025,24100,22.1,3.1,144587
Call,03-Jul-2025,24150,0.0,1520.0,1
Put,03-Jul-2025,24150,21.65,3.3,50942
Call,03-Jul-2025,24200,0.0,1462.0,21
Put,03-Jul-2025,24200,21.48,3.85,295701
Call,03-Jul-2025,24250,0.0,1371.9,1
Put,03-Jul-2025,24250,20.79,3.8,66477
Call,03-Jul-2025,24300,0.0,1357.4,35
Put,03-Jul-2025,24300,20.55,4.25,247440
Call,03-Jul-2025,24350,21.33,1331.0,1
Put,03-Jul-2025,24350,20.12,4.7,56131
Call,03-Jul-2025,24400,0.0,1259.75,202
Put,03-Jul-2025,24400,19.49,4.75,230477
Call,03-Jul-2025,24450,0.0,1204.45,7
Put,03-Jul-2025,24450,19.0,5.05,61727
Call,03-Jul-2025,24500,0.0,1108.65,1344
Put,03-Jul-2025,24500,18.58,5.5,425559
Call,03-Jul-2025,24550,0.0,1101.5,14
Put,03-Jul-2025,24550,18.08,5.85,82078
Call,03-Jul-2025,24600,0.0,1061.05,327
Put,03-Jul-2025,24600,17.65,6.4,239541
Call,03-Jul-2025,24650,0.0,1019.85,60
Put,03-Jul-2025,24650,17.26,7.3,109338
Call,03-Jul-2025,24700,0.0,966.5,582
Put,03-Jul-2025,24700,16.83,7.8,294764
Call,03-Jul-2025,24750,0.0,918.0,245
Put,03-Jul-2025,24750,16.32,8.4,171294
Call,03-Jul-2025,24800,0.0,869.1,1482
Put,03-Jul-2025,24800,16.01,9.75,383746
Call,03-Jul-2025,24850,0.0,819.75,487
Put,03-Jul-2025,24850,15.62,10.85,164956
Call,03-Jul-2025,24900,0.0,772.0,1890
Put,03-Jul-2025,24900,15.24,12.25,309912
Call,03-Jul-2025,24950,11.35,728.55,457
Put,03-Jul-2025,24950,14.92,14.15,166889
Call,03-Jul-2025,25000,0.0,671.5,25013
Put,03-Jul-2025,25000,14.48,15.85,825030
Call,03-Jul-2025,25050,9.57,627.9,1373
Put,03-Jul-2025,25050,14.14,17.95,206858
Call,03-Jul-2025,25100,9.84,580.0,9194
Put,03-Jul-2025,25100,13.67,20.4,396857
Call,03-Jul-2025,25150,10.03,532.9,3099
Put,03-Jul-2025,25150,13.33,23.4,241716
Call,03-Jul-2025,25200,10.0,486.0,31481
Put,03-Jul-2025,25200,12.94,27.05,720035
Call,03-Jul-2025,25250,10.94,445.95,10731
Put,03-Jul-2025,25250,12.52,31.3,371227
Call,03-Jul-2025,25300,10.02,396.1,77269
Put,03-Jul-2025,25300,12.26,37.35,798356
Call,03-Jul-2025,25350,9.88,352.25,36386
Put,03-Jul-2025,25350,11.92,44.1,416543
Call,03-Jul-2025,25400,9.87,313.05,191295
Put,03-Jul-2025,25400,11.64,52.3,1001494
Call,03-Jul-2025,25450,10.15,275.0,136043
Put,03-Jul-2025,25450,11.48,63.2,598692
Call,03-Jul-2025,25500,10.0,237.15,1060535
Put,03-Jul-2025,25500,11.28,75.75,1750293
Call,03-Jul-2025,25550,9.99,201.3,1108553
Put,03-Jul-2025,25550,11.09,90.6,1214712
Call,03-Jul-2025,25600,9.8,170.0,2883949
Put,03-Jul-2025,25600,10.87,107.4,2286422
Call,03-Jul-2025,25650,9.68,140.4,1638058
Put,03-Jul-2025,25650,10.8,128.8,926621
Call,03-Jul-2025,25700,9.79,116.7,1955560
Put,03-Jul-2025,25700,11.02,153.15,670095
Call,03-Jul-2025,25750,9.78,94.2,972825
Put,03-Jul-2025,25750,10.95,182.45,132649
Call,03-Jul-2025,25800,9.72,75.4,1462425
Put,03-Jul-2025,25800,10.81,212.2,178829
Call,03-Jul-2025,25850,9.69,59.1,659651
Put,03-Jul-2025,25850,10.79,245.15,27378
Call,03-Jul-2025,25900,9.82,46.6,1029302
Put,03-Jul-2025,25900,11.29,283.7,42004
Call,03-Jul-2025,25950,9.81,36.15,500158
Put,03-Jul-2025,25950,11.68,327.6,4589
Call,03-Jul-2025,26000,9.96,28.45,1780816
Put,03-Jul-2025,26000,11.92,368.85,41971
Call,03-Jul-2025,26050,10.04,21.8,453093
Put,03-Jul-2025,26050,12.05,410.6,1490
Call,03-Jul-2025,26100,10.2,16.8,591557
Put,03-Jul-2025,26100,12.74,458.0,3298
Call,03-Jul-2025,26150,10.25,12.7,383635
Put,03-Jul-2025,26150,12.21,497.15,255
Call,03-Jul-2025,26200,10.48,9.85,723150
Put,03-Jul-2025,26200,13.61,550.45,1643
Call,03-Jul-2025,26250,10.63,7.8,401683
Put,03-Jul-2025,26250,13.92,596.7,111
Call,03-Jul-2025,26300,10.78,6.0,427954
Put,03-Jul-2025,26300,13.37,638.9,888
Call,03-Jul-2025,26350,11.01,4.8,261221
Put,03-Jul-2025,26350,15.34,694.95,36
Call,03-Jul-2025,26400,11.24,3.75,417237
Put,03-Jul-2025,26400,15.65,742.2,122
Call,03-Jul-2025,26450,11.5,3.05,232074
Put,03-Jul-2025,26450,17.91,799.95,21
Call,03-Jul-2025,26500,11.84,2.7,717569
Put,03-Jul-2025,26500,16.21,837.45,1373
Call,03-Jul-2025,26550,12.0,2.1,241168
Put,03-Jul-2025,26550,17.57,890.0,10
Call,03-Jul-2025,26600,12.36,1.85,330589
Put,03-Jul-2025,26600,18.05,938.75,66
Call,03-Jul-2025,26650,12.68,1.6,171698
Put,03-Jul-2025,26650,0.0,1576.6,0
Call,03-Jul-2025,26700,13.06,1.45,241967
Put,03-Jul-2025,26700,0.0,1595.8,0
Call,03-Jul-2025,26750,13.49,1.35,97449
Put,03-Jul-2025,26750,20.26,1088.55,2
Call,03-Jul-2025,26800,14.02,1.35,160713
Put,03-Jul-2025,26800,23.29,1148.35,3
Call,03-Jul-2025,26850,14.42,1.25,79782
Put,03-Jul-2025,26850,22.61,1191.95,13
Call,03-Jul-2025,26900,14.87,1.2,198331
Put,03-Jul-2025,26900,32.19,1291.9,17
Call,03-Jul-2025,26950,15.32,1.15,109562
Put,03-Jul-2025,26950,0.0,0.0,0
Call,03-Jul-2025,27000,15.83,1.15,517423
Put,03-Jul-2025,27000,24.46,1340.5,209
Call,03-Jul-2025,27050,16.34,1.15,68834
Put,03-Jul-2025,27050,0.0,0.0,0
Call,03-Jul-2025,27100,16.77,1.1,103278
Put,03-Jul-2025,27100,0.0,0.0,0
Call,03-Jul-2025,27150,17.36,1.15,65539
Put,03-Jul-2025,27150,0.0,0.0,0
Call,03-Jul-2025,27200,17.59,1.0,119995
Put,03-Jul-2025,27200,0.0,0.0,0
Call,03-Jul-2025,27250,18.28,1.1,101308
Put,03-Jul-2025,27250,0.0,0.0,0
Call,03-Jul-2025,27300,18.58,1.0,346445
Put,03-Jul-2025,27300,0.0,0.0,0
Call,10-Jul-2025,22950,0.0,2138.75,0
Put,10-Jul-2025,22950,24.82,2.75,623
Call,10-Jul-2025,23000,0.0,2450.0,0
Put,10-Jul-2025,23000,24.34,2.7,8910
Call,10-Jul-2025,23050,0.0,2040.4,0
Put,10-Jul-2025,23050,24.32,3.1,62
Call,10-Jul-2025,23100,0.0,2320.0,0
Put,10-Jul-2025,23100,24.08,3.3,612
Call,10-Jul-2025,23150,0.0,1941.35,0
Put,10-Jul-2025,23150,23.7,3.35,107
Call,10-Jul-2025,23200,0.0,2250.0,0
Put,10-Jul-2025,23200,23.36,3.45,989
Call,10-Jul-2025,23250,0.0,1838.3,0
Put,10-Jul-2025,23250,24.39,5.5,2
Call,10-Jul-2025,23300,0.0,2340.0,2
Put,10-Jul-2025,23300,22.7,3.7,654
Call,10-Jul-2025,23350,0.0,1763.5,0
Put,10-Jul-2025,23350,22.35,3.8,48
Call,10-Jul-2025,23400,0.0,2170.0,0
Put,10-Jul-2025,23400,22.38,4.45,454
Call,10-Jul-2025,23450,0.0,2150.0,1
Put,10-Jul-2025,23450,21.77,4.2,55
Call,10-Jul-2025,23500,0.0,2171.2,4
Put,10-Jul-2025,23500,21.53,4.5,4011
Call,10-Jul-2025,23550,0.0,1572.45,0
Put,10-Jul-2025,23550,21.18,4.65,266
Call,10-Jul-2025,23600,0.0,1940.0,0
Put,10-Jul-2025,23600,20.83,4.8,619
Call,10-Jul-2025,23650,0.0,1468.75,0
Put,10-Jul-2025,23650,20.59,5.15,309
Call,10-Jul-2025,23700,0.0,1840.0,0
Put,10-Jul-2025,23700,20.25,5.35,1492
Call,10-Jul-2025,23750,0.0,1850.0,2
Put,10-Jul-2025,23750,20.06,5.85,104
Call,10-Jul-2025,23800,0.0,1670.0,0
Put,10-Jul-2025,23800,19.77,6.2,2095
Call,10-Jul-2025,23850,0.0,1283.7,0
Put,10-Jul-2025,23850,19.38,6.35,80
Call,10-Jul-2025,23900,0.0,1567.0,0
Put,10-Jul-2025,23900,19.03,6.6,2779
Call,10-Jul-2025,23950,0.0,1179.5,0
Put,10-Jul-2025,23950,18.82,7.2,340
Call,10-Jul-2025,24000,0.0,1685.25,16
Put,10-Jul-2025,24000,18.59,7.8,18376
Call,10-Jul-2025,24050,0.0,1094.55,0
Put,10-Jul-2025,24050,18.32,8.35,255
Call,10-Jul-2025,24100,0.0,1514.25,31
Put,10-Jul-2025,24100,18.12,9.15,3713
Call,10-Jul-2025,24150,0.0,1033.5,0
Put,10-Jul-2025,24150,17.68,9.3,476
Call,10-Jul-2025,24200,0.0,1385.0,21
Put,10-Jul-2025,24200,17.58,10.55,3735
Call,10-Jul-2025,24250,0.0,944.05,0
Put,10-Jul-2025,24250,17.07,10.5,637
Call,10-Jul-2025,24300,0.0,1207.25,0
Put,10-Jul-2025,24300,16.94,12.35,9192
Call,10-Jul-2025,24350,0.0,1288.0,3
Put,10-Jul-2025,24350,16.52,12.2,1117
Call,10-Jul-2025,24400,0.0,1231.1,1
Put,10-Jul-2025,24400,16.28,13.3,9351
Call,10-Jul-2025,24450,0.0,756.25,0
Put,10-Jul-2025,24450,16.29,15.7,1126
Call,10-Jul-2025,24500,0.0,1198.5,117
Put,10-Jul-2025,24500,15.77,15.75,23488
Call,10-Jul-2025,24550,0.0,691.05,0
Put,10-Jul-2025,24550,15.51,17.1,1839
Call,10-Jul-2025,24600,0.0,1118.95,36
Put,10-Jul-2025,24600,15.42,19.6,10563
Call,10-Jul-2025,24650,0.0,1064.6,3
Put,10-Jul-2025,24650,15.07,20.8,2051
Call,10-Jul-2025,24700,0.0,1009.85,86
Put,10-Jul-2025,24700,15.04,24.25,16078
Call,10-Jul-2025,24750,0.0,955.55,35
Put,10-Jul-2025,24750,14.87,27.2,2524
Call,10-Jul-2025,24800,0.0,915.0,90
Put,10-Jul-2025,24800,14.57,29.4,20896
Call,10-Jul-2025,24850,0.0,856.05,38
Put,10-Jul-2025,24850,14.27,31.85,4476
Call,10-Jul-2025,24900,0.0,820.9,337
Put,10-Jul-2025,24900,14.15,36.15,15498
Call,10-Jul-2025,24950,8.02,775.95,36
Put,10-Jul-2025,24950,13.97,40.45,3973
Call,10-Jul-2025,25000,9.16,732.0,1991
Put,10-Jul-2025,25000,13.89,46.25,45246
Call,10-Jul-2025,25050,9.77,688.8,229
Put,10-Jul-2025,25050,13.7,51.5,4438
Call,10-Jul-2025,25100,9.68,642.45,755
Put,10-Jul-2025,25100,13.46,56.8,20676
Call,10-Jul-2025,25150,9.98,600.35,261
Put,10-Jul-2025,25150,13.28,63.5,5208
Call,10-Jul-2025,25200,10.64,564.0,3400
Put,10-Jul-2025,25200,13.17,71.8,33653
Call,10-Jul-2025,25250,10.31,518.4,579
Put,10-Jul-2025,25250,13.05,81.0,7685
Call,10-Jul-2025,25300,10.27,477.25,4848
Put,10-Jul-2025,25300,12.83,89.65,21675
Call,10-Jul-2025,25350,10.25,437.7,1065
Put,10-Jul-2025,25350,12.7,100.55,6127
Call,10-Jul-2025,25400,10.81,408.7,5564
Put,10-Jul-2025,25400,12.58,112.95,20415
Call,10-Jul-2025,25450,10.74,371.9,2253
Put,10-Jul-2025,25450,12.49,127.0,6256
Call,10-Jul-2025,25500,10.42,332.5,24947
Put,10-Jul-2025,25500,12.37,143.5,39092
Call,10-Jul-2025,25550,10.61,303.35,5912
Put,10-Jul-2025,25550,12.34,160.1,6869
Call,10-Jul-2025,25600,10.44,269.75,31963
Put,10-Jul-2025,25600,12.2,177.55,33439
Call,10-Jul-2025,25650,10.6,244.25,9977
Put,10-Jul-2025,25650,12.13,198.0,9108
Call,10-Jul-2025,25700,10.42,214.0,28426
Put,10-Jul-2025,25700,12.06,220.0,15126
Call,10-Jul-2025,25750,10.32,187.3,7851
Put,10-Jul-2025,25750,12.14,246.8,4155
Call,10-Jul-2025,25800,10.25,163.3,28814
Put,10-Jul-2025,25800,12.0,270.75,7115
Call,10-Jul-2025,25850,10.28,143.0,6342
Put,10-Jul-2025,25850,12.16,302.35,2011
Call,10-Jul-2025,25900,10.29,124.3,25178
Put,10-Jul-2025,25900,12.12,331.65,1248
Call,10-Jul-2025,25950,10.22,106.05,11518
Put,10-Jul-2025,25950,12.42,368.9,414
Call,10-Jul-2025,26000,10.23,91.0,67388
Put,10-Jul-2025,26000,12.28,399.5,2684
Call,10-Jul-2025,26050,10.2,77.05,7921
Put,10-Jul-2025,26050,12.58,439.1,213
Call,10-Jul-2025,26100,10.2,65.2,28767
Put,10-Jul-2025,26100,12.68,476.55,820
Call,10-Jul-2025,26150,10.21,54.8,7789
Put,10-Jul-2025,26150,13.09,520.0,20
Call,10-Jul-2025,26200,10.15,45.05,23810
Put,10-Jul-2025,26200,12.76,553.15,330
Call,10-Jul-2025,26250,10.17,37.5,4503
Put,10-Jul-2025,26250,0.0,1139.4,0
Call,10-Jul-2025,26300,10.17,30.9,24214
Put,10-Jul-2025,26300,13.33,640.5,185
Call,10-Jul-2025,26350,10.38,27.15,3957
Put,10-Jul-2025,26350,14.15,692.0,6
Call,10-Jul-2025,26400,10.26,21.2,18541
Put,10-Jul-2025,26400,13.93,730.5,142
Call,10-Jul-2025,26450,10.33,17.6,2184
Put,10-Jul-2025,26450,0.0,1324.85,0
Call,10-Jul-2025,26500,10.38,14.7,42098
Put,10-Jul-2025,26500,14.77,825.0,166
Call,10-Jul-2025,26550,10.48,12.1,1046
Put,10-Jul-2025,26550,17.55,900.0,2
Call,10-Jul-2025,26600,10.56,10.05,10983
Put,10-Jul-2025,26600,16.52,930.1,3
Call,10-Jul-2025,26650,10.7,8.55,1036
Put,10-Jul-2025,26650,0.0,1542.65,0
Call,10-Jul-2025,26700,10.7,6.8,8308
Put,10-Jul-2025,26700,15.96,1012.0,1
Call,10-Jul-2025,26750,10.85,5.8,1097
Put,10-Jul-2025,26750,0.0,1645.1,0
Call,10-Jul-2025,26800,11.01,5.0,8054
Put,10-Jul-2025,26800,0.0,1680.9,0
Call,10-Jul-2025,26850,11.24,4.5,684
Put,10-Jul-2025,26850,0.0,1740.25,0
Call,10-Jul-2025,26900,11.33,3.75,6901
Put,10-Jul-2025,26900,0.0,1760.1,0
Call,10-Jul-2025,26950,11.73,3.75,956
Put,10-Jul-2025,26950,0.0,0.0,0
Call,10-Jul-2025,27000,12.0,3.5,14287
Put,10-Jul-2025,27000,18.94,1307.95,5
Call,10-Jul-2025,27050,12.04,2.85,268
Put,10-Jul-2025,27050,0.0,0.0,0
Call,10-Jul-2025,27100,12.39,2.8,1810
Put,10-Jul-2025,27100,0.0,0.0,0
Call,10-Jul-2025,27150,12.58,2.5,397
Put,10-Jul-2025,27150,0.0,0.0,0
Call,10-Jul-2025,27200,12.85,2.35,615
Put,10-Jul-2025,27200,0.0,0.0,0
Call,10-Jul-2025,27250,13.28,2.45,816
Put,10-Jul-2025,27250,0.0,0.0,0
Call,10-Jul-2025,27300,13.35,2.05,6325
Put,10-Jul-2025,27300,0.0,0.0,0
Call,17-Jul-2025,22950,0.0,0.0,0
Put,17-Jul-2025,22950,21.7,4.7,6
Call,17-Jul-2025,23000,0.0,0.0,0
Put,17-Jul-2025,23000,21.8,5.5,962
Call,17-Jul-2025,23050,0.0,0.0,0
Put,17-Jul-2025,23050,21.59,5.8,67
Call,17-Jul-2025,23100,0.0,0.0,0
Put,17-Jul-2025,23100,21.32,6.0,21
Call,17-Jul-2025,23150,0.0,0.0,0
Put,17-Jul-2025,23150,0.0,54.25,0
Call,17-Jul-2025,23200,0.0,0.0,0
Put,17-Jul-2025,23200,0.0,8.85,0
Call,17-Jul-2025,23250,0.0,0.0,0
Put,17-Jul-2025,23250,0.0,0.0,0
Call,17-Jul-2025,23300,0.0,0.0,0
Put,17-Jul-2025,23300,20.24,6.85,61
Call,17-Jul-2025,23350,0.0,0.0,0
Put,17-Jul-2025,23350,0.0,85.0,0
Call,17-Jul-2025,23400,0.0,0.0,0
Put,17-Jul-2025,23400,0.0,10.2,0
Call,17-Jul-2025,23450,0.0,0.0,0
Put,17-Jul-2025,23450,19.61,8.1,46
Call,17-Jul-2025,23500,0.0,0.0,0
Put,17-Jul-2025,23500,19.26,8.2,719
Call,17-Jul-2025,23550,0.0,0.0,0
Put,17-Jul-2025,23550,0.0,17.15,0
Call,17-Jul-2025,23600,0.0,0.0,0
Put,17-Jul-2025,23600,18.61,8.5,163
Call,17-Jul-2025,23650,0.0,0.0,0
Put,17-Jul-2025,23650,0.0,0.0,0
Call,17-Jul-2025,23700,0.0,0.0,0
Put,17-Jul-2025,23700,18.28,9.9,32
Call,17-Jul-2025,23750,0.0,0.0,0
Put,17-Jul-2025,23750,18.65,12.7,1
Call,17-Jul-2025,23800,0.0,0.0,0
Put,17-Jul-2025,23800,17.81,11.0,142
Call,17-Jul-2025,23850,0.0,0.0,0
Put,17-Jul-2025,23850,17.87,12.8,72
Call,17-Jul-2025,23900,0.0,0.0,0
Put,17-Jul-2025,23900,17.54,13.1,187
Call,17-Jul-2025,23950,0.0,0.0,0
Put,17-Jul-2025,23950,17.16,13.2,82
Call,17-Jul-2025,24000,0.0,0.0,0
Put,17-Jul-2025,24000,17.14,14.95,1805
Call,17-Jul-2025,24050,0.0,0.0,0
Put,17-Jul-2025,24050,0.0,22.7,0
Call,17-Jul-2025,24100,0.0,0.0,0
Put,17-Jul-2025,24100,16.71,16.95,67
Call,17-Jul-2025,24150,0.0,0.0,0
Put,17-Jul-2025,24150,0.0,28.0,0
Call,17-Jul-2025,24200,0.0,0.0,0
Put,17-Jul-2025,24200,16.13,18.45,317
Call,17-Jul-2025,24250,0.0,0.0,0
Put,17-Jul-2025,24250,16.12,21.0,5
Call,17-Jul-2025,24300,0.0,936.2,0
Put,17-Jul-2025,24300,15.84,22.0,245
Call,17-Jul-2025,24350,0.0,894.35,0
Put,17-Jul-2025,24350,15.6,23.35,89
Call,17-Jul-2025,24400,0.0,849.9,0
Put,17-Jul-2025,24400,15.52,26.0,703
Call,17-Jul-2025,24450,0.0,812.4,0
Put,17-Jul-2025,24450,15.41,28.7,80
Call,17-Jul-2025,24500,0.0,1239.95,3
Put,17-Jul-2025,24500,15.17,30.5,1895
Call,17-Jul-2025,24550,0.0,595.5,0
Put,17-Jul-2025,24550,14.97,32.85,181
Call,17-Jul-2025,24600,0.0,885.0,0
Put,17-Jul-2025,24600,14.9,36.7,1386
Call,17-Jul-2025,24650,0.0,654.65,0
Put,17-Jul-2025,24650,14.84,40.9,166
Call,17-Jul-2025,24700,0.0,1046.0,3
Put,17-Jul-2025,24700,14.65,44.8,1291
Call,17-Jul-2025,24750,0.0,802.2,0
Put,17-Jul-2025,24750,14.52,48.45,194
Call,17-Jul-2025,24800,0.0,962.4,15
Put,17-Jul-2025,24800,14.37,52.9,1397
Call,17-Jul-2025,24850,0.0,883.4,5
Put,17-Jul-2025,24850,14.32,59.0,277
Call,17-Jul-2025,24900,0.0,851.05,26
Put,17-Jul-2025,24900,14.09,63.2,694
Call,17-Jul-2025,24950,0.0,819.0,12
Put,17-Jul-2025,24950,14.11,71.45,85
Call,17-Jul-2025,25000,7.93,780.6,421
Put,17-Jul-2025,25000,13.84,76.0,3407
Call,17-Jul-2025,25050,7.77,732.6,24
Put,17-Jul-2025,25050,13.96,87.1,186
Call,17-Jul-2025,25100,9.35,701.6,210
Put,17-Jul-2025,25100,13.71,93.1,989
Call,17-Jul-2025,25150,7.17,635.2,19
Put,17-Jul-2025,25150,13.58,101.65,271
Call,17-Jul-2025,25200,9.58,618.7,406
Put,17-Jul-2025,25200,13.48,111.35,1325
Call,17-Jul-2025,25250,9.93,583.0,15
Put,17-Jul-2025,25250,13.54,125.0,177
Call,17-Jul-2025,25300,9.91,542.95,396
Put,17-Jul-2025,25300,13.36,135.0,1505
Call,17-Jul-2025,25350,9.92,504.8,36
Put,17-Jul-2025,25350,13.26,147.5,128
Call,17-Jul-2025,25400,9.99,469.1,888
Put,17-Jul-2025,25400,13.08,159.25,896
Call,17-Jul-2025,25450,10.07,435.0,91
Put,17-Jul-2025,25450,13.08,175.95,160
Call,17-Jul-2025,25500,10.12,402.0,2223
Put,17-Jul-2025,25500,13.0,191.85,2942
Call,17-Jul-2025,25550,10.08,368.5,247
Put,17-Jul-2025,25550,13.12,213.5,197
Call,17-Jul-2025,25600,10.19,340.0,2109
Put,17-Jul-2025,25600,12.92,229.05,1349
Call,17-Jul-2025,25650,9.75,300.3,409
Put,17-Jul-2025,25650,12.8,247.55,258
Call,17-Jul-2025,25700,10.15,281.85,1908
Put,17-Jul-2025,25700,12.74,268.65,547
Call,17-Jul-2025,25750,10.14,255.35,217
Put,17-Jul-2025,25750,12.91,296.65,56
Call,17-Jul-2025,25800,10.12,230.05,1505
Put,17-Jul-2025,25800,12.79,319.0,128
Call,17-Jul-2025,25850,10.2,208.95,82
Put,17-Jul-2025,25850,0.0,0.0,0
Call,17-Jul-2025,25900,10.15,186.5,1259
Put,17-Jul-2025,25900,12.96,377.1,342
Call,17-Jul-2025,25950,0.0,0.0,0
Put,17-Jul-2025,25950,0.0,0.0,0
Call,17-Jul-2025,26000,10.05,146.0,4203
Put,17-Jul-2025,26000,12.89,434.5,666
Call,17-Jul-2025,26050,0.0,0.0,0
Put,17-Jul-2025,26050,12.46,456.25,7
Call,17-Jul-2025,26100,10.23,117.75,1050
Put,17-Jul-2025,26100,0.0,0.0,0
Call,17-Jul-2025,26150,10.08,100.75,379
Put,17-Jul-2025,26150,0.0,0.0,0
Call,17-Jul-2025,26200,0.0,0.0,0
Put,17-Jul-2025,26200,12.97,568.75,14
Call,17-Jul-2025,26250,10.15,78.05,382
Put,17-Jul-2025,26250,0.0,0.0,0
Call,17-Jul-2025,26300,10.19,68.5,1770
Put,17-Jul-2025,26300,16.64,716.15,2
Call,17-Jul-2025,26350,0.0,0.0,0
Put,17-Jul-2025,26350,14.44,707.4,4
Call,17-Jul-2025,26400,0.0,0.0,0
Put,17-Jul-2025,26400,0.0,0.0,0
Call,17-Jul-2025,26450,0.0,0.0,0
Put,17-Jul-2025,26450,18.51,862.1,2
Call,17-Jul-2025,26500,10.26,38.35,2727
Put,17-Jul-2025,26500,14.3,820.35,3
Call,17-Jul-2025,26550,13.02,69.7,1
Put,17-Jul-2025,26550,0.0,0.0,0
Call,17-Jul-2025,26600,0.0,79.0,0
Put,17-Jul-2025,26600,0.0,0.0,0
Call,17-Jul-2025,26650,0.0,0.0,0
Put,17-Jul-2025,26650,0.0,0.0,0
Call,17-Jul-2025,26700,10.52,21.95,514
Put,17-Jul-2025,26700,0.0,0.0,0
Call,17-Jul-2025,26750,0.0,0.0,0
Put,17-Jul-2025,26750,0.0,0.0,0
Call,17-Jul-2025,26800,0.0,0.0,0
Put,17-Jul-2025,26800,0.0,0.0,0
Call,17-Jul-2025,26850,10.67,13.95,262
Put,17-Jul-2025,26850,0.0,0.0,0
Call,17-Jul-2025,26900,10.72,11.95,388
Put,17-Jul-2025,26900,0.0,0.0,0
Call,17-Jul-2025,26950,10.67,9.7,72
Put,17-Jul-2025,26950,0.0,0.0,0
Call,17-Jul-2025,27000,11.18,10.45,2072
Put,17-Jul-2025,27000,0.0,0.0,0
Call,17-Jul-2025,27050,0.0,0.0,0
Put,17-Jul-2025,27050,0.0,0.0,0
Call,17-Jul-2025,27100,0.0,0.0,0
Put,17-Jul-2025,27100,0.0,0.0,0
Call,17-Jul-2025,27150,0.0,0.0,0
Put,17-Jul-2025,27150,0.0,0.0,0
Call,17-Jul-2025,27200,11.56,6.25,92
Put,17-Jul-2025,27200,0.0,0.0,0
Call,17-Jul-2025,27250,0.0,0.0,0
Put,17-Jul-2025,27250,0.0,0.0,0
Call,17-Jul-2025,27300,0.0,0.0,0
Put,17-Jul-2025,27300,0.0,0.0,0
Put,24-Dec-2025,13000,0.0,5.25,0
Put,24-Dec-2025,15000,34.16,11.0,2
Put,24-Dec-2025,16000,31.49,13.55,2
Put,24-Dec-2025,16500,30.34,15.6,2
Put,24-Dec-2025,17000,28.99,17.0,27
Call,24-Dec-2025,18000,0.0,8030.0,3
Put,24-Dec-2025,18000,26.85,23.0,313
Call,24-Dec-2025,19000,0.0,7010.7,2
Put,24-Dec-2025,19000,24.55,29.55,219
Call,24-Dec-2025,19500,0.0,5980.0,0
Call,24-Dec-2025,20000,0.0,6157.95,43
Put,24-Dec-2025,20000,22.33,38.5,739
Call,24-Dec-2025,21000,0.0,5218.3,87
Put,24-Dec-2025,21000,20.56,56.4,1786
Call,24-Dec-2025,22000,0.0,4312.15,148
Put,24-Dec-2025,22000,19.21,91.65,5870
Call,24-Dec-2025,23000,0.0,3418.9,202
Put,24-Dec-2025,23000,17.96,150.6,8816
Call,24-Dec-2025,24000,0.0,2561.9,535
Put,24-Dec-2025,24000,17.02,258.0,7634
Call,24-Dec-2025,25000,0.0,1792.75,912
Put,24-Dec-2025,25000,16.28,438.05,12710
Call,24-Dec-2025,26000,8.24,1127.3,6523
Put,24-Dec-2025,26000,15.87,732.0,4476
Call,24-Dec-2025,27000,9.14,624.1,5464
Put,24-Dec-2025,27000,16.04,1182.5,1759
Call,24-Dec-2025,28000,9.54,304.0,4402
Put,24-Dec-2025,28000,16.99,1818.6,481
Call,24-Dec-2025,29000,9.81,132.05,2068
Put,24-Dec-2025,29000,18.72,2595.6,366
Call,24-Dec-2025,30000,10.41,61.0,1200
Put,24-Dec-2025,30000,20.82,3450.85,383
Call,24-Dec-2025,31000,11.24,32.25,489
Put,24-Jul-2025,23050,20.14,9.2,15
Put,24-Jul-2025,23100,19.58,8.5,42
Put,24-Jul-2025,23150,0.0,0.0,0
Put,24-Jul-2025,23200,0.0,0.0,0
Put,24-Jul-2025,23250,0.0,0.0,0
Put,24-Jul-2025,23300,0.0,0.0,0
Put,24-Jul-2025,23350,0.0,30.0,0
Put,24-Jul-2025,23400,0.0,0.0,0
Put,24-Jul-2025,23450,0.0,0.0,0
Put,24-Jul-2025,23500,18.34,13.8,212
Put,24-Jul-2025,23550,0.0,0.0,0
Put,24-Jul-2025,23600,18.12,16.05,53
Put,24-Jul-2025,23650,0.0,0.0,0
Put,24-Jul-2025,23700,0.0,0.0,0
Put,24-Jul-2025,23750,0.0,47.2,0
Put,24-Jul-2025,23800,0.0,0.0,0
Put,24-Jul-2025,23850,0.0,0.0,0
Put,24-Jul-2025,23900,17.13,23.0,1
Put,24-Jul-2025,23950,16.45,21.0,15
Put,24-Jul-2025,24000,16.51,23.95,635
Put,24-Jul-2025,24050,16.91,29.85,1
Put,24-Jul-2025,24100,15.87,24.75,11
Put,24-Jul-2025,24150,0.0,0.0,0
Put,24-Jul-2025,24200,15.68,29.35,58
Put,24-Jul-2025,24250,0.0,53.15,0
Put,24-Jul-2025,24300,15.55,35.35,186
Put,24-Jul-2025,24350,0.0,71.75,0
Put,24-Jul-2025,24400,15.09,39.0,280
Call,24-Jul-2025,24450,0.0,0.0,0
Put,24-Jul-2025,24450,0.0,108.4,0
Call,24-Jul-2025,24500,0.0,1100.0,0
Put,24-Jul-2025,24500,14.92,46.35,952
Put,24-Jul-2025,24550,14.81,50.2,7
Call,24-Jul-2025,24600,0.0,810.0,0
Put,24-Jul-2025,24600,14.72,54.65,249
Put,24-Jul-2025,24650,14.53,58.1,110
Call,24-Jul-2025,24700,0.0,915.25,0
Put,24-Jul-2025,24700,14.43,63.0,254
Call,24-Jul-2025,24750,0.0,649.5,0
Put,24-Jul-2025,24750,14.52,71.3,47
Call,24-Jul-2025,24800,0.0,1001.85,4
Put,24-Jul-2025,24800,14.35,76.0,279
Call,24-Jul-2025,24850,0.0,895.0,1
Put,24-Jul-2025,24850,14.2,81.6,45
Call,24-Jul-2025,24900,0.0,901.45,5
Put,24-Jul-2025,24900,14.15,89.2,85
Call,24-Jul-2025,24950,0.0,860.95,12
Put,24-Jul-2025,24950,14.18,98.75,39
Call,24-Jul-2025,25000,6.84,826.15,79
Put,24-Jul-2025,25000,13.94,104.0,772
Call,24-Jul-2025,25050,0.0,724.65,2
Put,24-Jul-2025,25050,13.77,111.1,68
Call,24-Jul-2025,25100,7.67,740.05,6
Put,24-Jul-2025,25100,13.83,123.35,105
Call,24-Jul-2025,25150,0.0,600.0,0
Put,24-Jul-2025,25150,13.92,136.95,40
Call,24-Jul-2025,25200,9.3,676.6,46
Put,24-Jul-2025,25200,13.76,146.2,351
Call,24-Jul-2025,25250,0.0,553.65,0
Put,24-Jul-2025,25250,13.69,158.0,72
Call,24-Jul-2025,25300,9.54,601.05,34
Put,24-Jul-2025,25300,13.41,165.8,440
Call,24-Jul-2025,25350,8.81,547.65,17
Put,24-Jul-2025,25350,13.66,186.75,59
Call,24-Jul-2025,25400,9.74,530.4,118
Put,24-Jul-2025,25400,13.33,194.65,161
Call,24-Jul-2025,25450,9.82,496.55,30
Put,24-Jul-2025,25450,13.56,217.6,41
Call,24-Jul-2025,25500,9.86,463.3,803
Put,24-Jul-2025,25500,13.27,228.0,935
Call,24-Jul-2025,25550,9.15,412.3,74
Put,24-Jul-2025,25550,13.09,242.05,43
Call,24-Jul-2025,25600,9.74,395.6,677
Put,24-Jul-2025,25600,13.21,265.0,546
Call,24-Jul-2025,25650,9.7,364.45,35
Put,24-Jul-2025,25650,13.09,282.85,27
Call,24-Jul-2025,25700,9.96,342.6,179
Put,24-Jul-2025,25700,13.21,308.1,129
Call,24-Jul-2025,25750,9.79,310.5,61
Put,24-Jul-2025,25750,13.21,331.0,29
Call,24-Jul-2025,25800,9.87,286.6,334
Put,24-Jul-2025,25800,13.14,353.35,36
Call,24-Jul-2025,25850,9.73,258.2,42
Put,24-Jul-2025,25850,12.95,373.15,2
Call,24-Jul-2025,25900,9.9,240.0,119
Put,24-Jul-2025,25900,0.0,0.0,0
Call,24-Jul-2025,25950,0.0,0.0,0
Put,24-Jul-2025,25950,0.0,0.0,0
Call,24-Jul-2025,26000,9.9,197.8,1142
Put,24-Jul-2025,26000,13.13,460.0,48
Call,24-Jul-2025,26050,0.0,0.0,0
Call,24-Jul-2025,26100,10.01,164.25,179
Call,24-Jul-2025,26150,0.0,0.0,0
Call,24-Jul-2025,26200,9.99,132.0,59
Call,24-Jul-2025,26250,0.0,0.0,0
Call,24-Jul-2025,26300,9.98,105.05,326
Call,24-Jul-2025,26350,0.0,0.0,0
Call,24-Jul-2025,26400,10.0,83.25,368
Call,24-Jul-2025,26450,0.0,0.0,0
Call,24-Jul-2025,26500,9.86,62.2,1948
Put,24-Jul-2025,26500,0.0,0.0,0
Call,24-Jul-2025,26550,0.0,22.05,0
Call,24-Jul-2025,26600,0.0,24.2,0
Call,24-Jul-2025,26650,9.83,41.0,68
Call,24-Jul-2025,26700,12.88,83.4,1
Call,24-Jul-2025,26750,0.0,0.0,0
Call,24-Jul-2025,26800,0.0,0.0,0
Call,24-Jul-2025,26850,10.04,24.7,71
Call,24-Jul-2025,26900,0.0,0.0,0
Call,24-Jul-2025,26950,0.0,0.0,0
Call,24-Jul-2025,27000,10.38,18.2,768
Put,24-Jul-2025,27000,16.96,1274.5,25
Call,24-Jul-2025,27050,0.0,0.0,0
Call,24-Jul-2025,27100,0.0,0.0,0
Call,24-Jul-2025,27150,0.0,0.0,0
Call,24-Jul-2025,27200,0.0,0.0,0
Call,24-Jul-2025,27250,0.0,0.0,0
Call,24-Jul-2025,27300,11.2,10.8,123
Put,24-Jun-2027,18000,0.0,48.55,0
Put,24-Jun-2027,19000,0.0,182.1,0
Put,24-Jun-2027,21000,0.0,500.0,0
Put,24-Jun-2027,22000,0.0,0.0,0
Put,24-Jun-2027,23000,0.0,0.0,0
Call,24-Jun-2027,24000,0.0,2300.0,0
Put,24-Jun-2027,24000,0.0,0.0,0
Put,24-Jun-2027,25000,0.0,0.0,0
Put,24-Jun-2027,26000,0.0,0.0,0
Put,24-Jun-2027,27000,0.0,0.0,0
Put,24-Jun-2027,28000,0.0,0.0,0
Call,24-Jun-2027,30000,0.0,0.0,0
Call,24-Jun-2027,31000,0.0,0.0,0
Put,25-Jun-2026,12000,0.0,20.05,0
Put,25-Jun-2026,13000,0.0,21.6,0
Put,25-Jun-2026,14000,0.0,24.0,0
Put,25-Jun-2026,15000,0.0,20.2,0
Put,25-Jun-2026,16000,0.0,21.0,0
Put,25-Jun-2026,19000,0.0,205.7,0
Put,25-Jun-2026,21000,21.5,175.25,6
Put,25-Jun-2026,22000,20.0,220.0,1
Put,25-Jun-2026,23000,19.63,333.35,2
Call,25-Jun-2026,24000,0.0,3000.0,0
Put,25-Jun-2026,24000,17.86,400.0,17
Call,25-Jun-2026,25000,0.0,2999.95,1
Put,25-Jun-2026,25000,18.04,626.0,19
Call,25-Jun-2026,26000,0.0,1750.0,0
Put,25-Jun-2026,26000,18.77,972.0,2
Call,25-Jun-2026,27000,0.0,0.0,0
Put,25-Jun-2026,27000,0.0,0.0,0
Call,25-Jun-2026,28000,0.0,0.0,0
Call,25-Jun-2026,29000,0.0,0.0,0
Call,25-Jun-2026,30000,0.0,0.0,0
Call,25-Jun-2026,31000,0.0,0.0,0
Put,25-Jun-2030,21000,0.0,0.0,0
Put,25-Jun-2030,22000,0.0,0.0,0
Put,25-Jun-2030,23000,0.0,0.0,0
Put,25-Jun-2030,24000,0.0,0.0,0
Put,25-Jun-2030,25000,0.0,0.0,0
Put,25-Jun-2030,26000,0.0,0.0,0
Put,25-Jun-2030,27000,0.0,0.0,0
Put,25-Jun-2030,28000,0.0,0.0,0
Put,25-Jun-2030,29000,0.0,0.0,0
Put,25-Jun-2030,30000,0.0,0.0,0
Call,25-Jun-2030,31000,0.0,0.0,0
Put,25-Jun-2030,31000,0.0,0.0,0
Call,25-Sep-2025,17000,0.0,8760.0,32
Put,25-Sep-2025,17000,33.58,4.85,235
Call,25-Sep-2025,18000,0.0,7820.25,12
Put,25-Sep-2025,18000,31.0,7.45,86
Call,25-Sep-2025,19000,0.0,6725.0,0
Put,25-Sep-2025,19000,28.14,10.5,105
Call,25-Sep-2025,20000,0.0,5887.1,446
Put,25-Sep-2025,20000,24.83,12.95,785
Call,25-Sep-2025,21000,0.0,4897.0,199
Put,25-Sep-2025,21000,22.24,19.85,1981
Call,25-Sep-2025,22000,0.0,3940.0,90
Put,25-Sep-2025,22000,19.74,31.9,3971
Call,25-Sep-2025,23000,0.0,2990.7,260
Put,25-Sep-2025,23000,17.85,62.05,6881
Call,25-Sep-2025,23800,0.0,0.0,0
Put,25-Sep-2025,23800,16.62,113.2,675
Call,25-Sep-2025,23850,0.0,0.0,0
Put,25-Sep-2025,23850,16.52,117.1,26
Call,25-Sep-2025,23900,0.0,0.0,0
Put,25-Sep-2025,23900,16.51,123.1,522
Call,25-Sep-2025,23950,0.0,0.0,0
Put,25-Sep-2025,23950,16.43,127.75,62
Call,25-Sep-2025,24000,0.0,2100.0,988
Put,25-Sep-2025,24000,16.45,135.05,5967
Call,25-Sep-2025,24050,0.0,0.0,0
Put,25-Sep-2025,24050,16.33,139.0,37
Call,25-Sep-2025,24100,0.0,0.0,0
Put,25-Sep-2025,24100,16.23,143.35,241
Call,25-Sep-2025,24150,0.0,0.0,0
Put,25-Sep-2025,24150,16.2,150.15,85
Call,25-Sep-2025,24200,0.0,0.0,0
Put,25-Sep-2025,24200,16.13,156.0,320
Call,25-Sep-2025,24250,0.0,0.0,0
Put,25-Sep-2025,24250,16.09,162.8,10
Call,25-Sep-2025,24300,0.0,0.0,0
Put,25-Sep-2025,24300,16.01,168.7,161
Call,25-Sep-2025,24350,0.0,0.0,0
Put,25-Sep-2025,24350,16.09,179.65,8
Call,25-Sep-2025,24400,0.0,0.0,0
Put,25-Sep-2025,24400,15.95,184.3,132
Call,25-Sep-2025,24450,0.0,0.0,0
Call,25-Sep-2025,24500,0.0,1672.0,51
Put,25-Sep-2025,24500,15.78,197.5,1282
Call,25-Sep-2025,24550,0.0,0.0,0
Put,25-Sep-2025,24550,16.02,215.35,9
Call,25-Sep-2025,24600,0.0,0.0,0
Put,25-Sep-2025,24600,15.74,216.0,18
Call,25-Sep-2025,24650,0.0,1501.95,1
Call,25-Sep-2025,24700,0.0,0.0,0
Put,25-Sep-2025,24700,15.65,234.0,25
Call,25-Sep-2025,24750,0.0,1422.9,1
Call,25-Sep-2025,24800,0.0,1384.05,1
Put,25-Sep-2025,24800,15.53,252.3,467
Call,25-Sep-2025,24850,0.0,1344.85,1
Call,25-Sep-2025,24900,0.0,1319.45,2
Put,25-Sep-2025,24900,15.54,276.9,8
Call,25-Sep-2025,24950,0.0,1283.7,2
Call,25-Sep-2025,25000,8.27,1299.45,1387
Put,25-Sep-2025,25000,15.41,297.05,6637
Call,25-Sep-2025,25050,5.69,1207.6,2
Put,25-Sep-2025,25050,15.39,310.0,73
Call,25-Sep-2025,25100,7.04,1184.65,7
Put,25-Sep-2025,25100,15.3,319.9,81
Call,25-Sep-2025,25150,7.42,1150.0,2
Put,25-Sep-2025,25150,15.41,338.85,66
Call,25-Sep-2025,25200,8.06,1125.0,8
Put,25-Sep-2025,25200,15.34,350.6,91
Call,25-Sep-2025,25250,7.26,1061.0,1
Put,25-Sep-2025,25250,15.31,364.5,22
Call,25-Sep-2025,25300,7.87,1037.55,6
Put,25-Sep-2025,25300,15.27,378.0,35
Call,25-Sep-2025,25350,7.55,987.35,1
Put,25-Sep-2025,25350,15.19,390.5,4
Call,25-Sep-2025,25400,8.02,963.4,1
Put,25-Sep-2025,25400,15.27,410.7,39
Call,25-Sep-2025,25450,8.34,936.4,2
Put,25-Sep-2025,25450,15.13,420.95,6
Call,25-Sep-2025,25500,9.47,944.0,466
Put,25-Sep-2025,25500,15.17,440.0,1101
Call,25-Sep-2025,25550,0.0,0.0,0
Put,25-Sep-2025,25550,15.08,453.9,14
Call,25-Sep-2025,25600,9.67,883.0,24
Put,25-Sep-2025,25600,15.05,470.45,77
Call,25-Sep-2025,25650,0.0,0.0,0
Put,25-Sep-2025,25650,15.05,489.25,20
Call,25-Sep-2025,25700,0.0,0.0,0
Put,25-Sep-2025,25700,15.08,509.95,27
Call,25-Sep-2025,25750,0.0,0.0,0
Put,25-Sep-2025,25750,15.12,531.3,35
Call,25-Sep-2025,25800,9.49,744.05,51
Put,25-Sep-2025,25800,15.08,549.65,52
Call,25-Sep-2025,25850,9.64,720.45,69
Put,25-Sep-2025,25850,15.03,568.05,86
Call,25-Sep-2025,25900,9.84,699.95,177
Put,25-Sep-2025,25900,15.04,589.75,45
Call,25-Sep-2025,25950,9.72,664.75,85
Put,25-Sep-2025,25950,15.02,610.25,46
Call,25-Sep-2025,26000,10.06,653.15,4060
Put,25-Sep-2025,26000,15.01,632.0,3933
Call,25-Sep-2025,26050,9.78,611.45,16
Put,25-Sep-2025,26050,15.03,655.5,9
Call,25-Sep-2025,26100,9.81,585.85,28
Put,25-Sep-2025,26100,14.95,674.7,7
Call,25-Sep-2025,26150,9.98,568.3,14
Put,25-Sep-2025,26150,0.0,0.0,0
Call,25-Sep-2025,26200,9.86,537.1,27
Put,25-Sep-2025,26200,0.0,0.0,0
Call,25-Sep-2025,26250,9.88,513.2,16
Put,25-Sep-2025,26250,0.0,0.0,0
Call,25-Sep-2025,26300,9.9,490.45,31
Put,25-Sep-2025,26300,0.0,0.0,0
Call,25-Sep-2025,26350,9.92,468.4,7
Put,25-Sep-2025,26350,0.0,0.0,0
Call,25-Sep-2025,26400,10.03,451.5,13
Put,25-Sep-2025,26400,15.96,875.0,1
Call,25-Sep-2025,26450,10.07,431.75,25
Put,25-Sep-2025,26450,0.0,0.0,0
Call,25-Sep-2025,26500,10.03,408.8,464
Put,25-Sep-2025,26500,14.97,878.7,1377
Call,25-Sep-2025,26550,10.23,398.75,29
Put,25-Sep-2025,26550,0.0,0.0,0
Call,25-Sep-2025,26600,10.07,370.9,8
Put,25-Sep-2025,26600,16.03,987.85,1
Call,25-Sep-2025,26650,0.0,0.0,0
Put,25-Sep-2025,26650,16.19,1024.1,1
Call,25-Sep-2025,26700,0.0,0.0,0
Put,25-Sep-2025,26700,16.26,1056.25,1
Call,25-Sep-2025,26750,0.0,0.0,0
Put,25-Sep-2025,26750,16.33,1089.15,1
Call,25-Sep-2025,26800,0.0,0.0,0
Put,25-Sep-2025,26800,16.24,1114.3,2
Call,25-Sep-2025,26850,10.18,289.1,23
Put,25-Sep-2025,26850,16.55,1159.6,1
Call,25-Sep-2025,26900,0.0,0.0,0
Put,25-Sep-2025,26900,0.0,0.0,0
Call,25-Sep-2025,26950,0.0,0.0,0
Put,25-Sep-2025,26950,0.0,0.0,0
Call,25-Sep-2025,27000,10.29,249.0,3743
Put,25-Sep-2025,27000,15.65,1208.7,554
Call,25-Sep-2025,27050,0.0,0.0,0
Put,25-Sep-2025,27050,0.0,0.0,0
Call,25-Sep-2025,27100,0.0,0.0,0
Put,25-Sep-2025,27100,0.0,0.0,0
Call,25-Sep-2025,27150,0.0,0.0,0
Put,25-Sep-2025,27150,0.0,0.0,0
Call,25-Sep-2025,27200,0.0,0.0,0
Put,25-Sep-2025,27200,0.0,0.0,0
Call,25-Sep-2025,27250,0.0,0.0,0
Put,25-Sep-2025,27250,0.0,0.0,0
Call,25-Sep-2025,27300,0.0,0.0,0
Put,25-Sep-2025,27300,0.0,0.0,0
Call,25-Sep-2025,28000,10.49,74.0,5006
Put,25-Sep-2025,28000,18.05,2016.95,398
Call,25-Sep-2025,29000,10.94,19.95,2762
Put,25-Sep-2025,29000,21.41,2932.0,1134
Call,25-Sep-2025,30000,12.31,8.9,1440
Put,25-Sep-2025,30000,26.14,3919.0,32
Put,26-Mar-2026,21000,0.0,162.75,0
Put,26-Mar-2026,22000,0.0,0.0,0
Put,26-Mar-2026,23000,0.0,0.0,0
Put,26-Mar-2026,24000,0.0,0.0,0
Call,26-Mar-2026,25000,0.0,2305.0,1
Put,26-Mar-2026,25000,0.0,0.0,0
Call,26-Mar-2026,26000,0.0,1427.0,0
Put,26-Mar-2026,26000,0.0,0.0,0
Call,26-Mar-2026,27000,0.0,0.0,0
Put,26-Mar-2026,27000,0.0,0.0,0
Call,26-Mar-2026,28000,0.0,0.0,0
Put,26-Mar-2026,28000,0.0,0.0,0
Call,26-Mar-2026,29000,0.0,0.0,0
Call,26-Mar-2026,30000,0.0,0.0,0
Call,26-Mar-2026,31000,0.0,0.0,0
Put,27-Dec-2029,21000,0.0,0.0,0
Put,27-Dec-2029,22000,0.0,0.0,0
Put,27-Dec-2029,23000,0.0,670.0,0
Put,27-Dec-2029,24000,0.0,0.0,0
Put,27-Dec-2029,25000,0.0,0.0,0
Put,27-Dec-2029,26000,0.0,0.0,0
Put,27-Dec-2029,27000,0.0,0.0,0
Put,27-Dec-2029,28000,0.0,0.0,0
Put,27-Dec-2029,29000,0.0,0.0,0
Put,27-Dec-2029,30000,0.0,0.0,0
Put,27-Dec-2029,31000,0.0,0.0,0
Call,28-Aug-2025,22800,0.0,2581.7,0
Put,28-Aug-2025,22800,18.15,26.05,608
Call,28-Aug-2025,22850,0.0,2396.2,0
Put,28-Aug-2025,22850,18.33,29.5,10
Call,28-Aug-2025,22900,0.0,2350.2,0
Put,28-Aug-2025,22900,17.95,28.45,76
Call,28-Aug-2025,22950,0.0,2304.35,0
Put,28-Aug-2025,22950,0.0,39.0,0
Call,28-Aug-2025,23000,0.0,2858.25,29
Put,28-Aug-2025,23000,17.75,31.1,4378
Call,28-Aug-2025,23050,0.0,2213.1,0
Put,28-Aug-2025,23050,17.67,32.65,17
Call,28-Aug-2025,23100,0.0,2167.65,0
Put,28-Aug-2025,23100,17.43,32.8,125
Call,28-Aug-2025,23150,0.0,2235.0,0
Put,28-Aug-2025,23150,0.0,78.05,0
Call,28-Aug-2025,23200,0.0,2121.0,0
Put,28-Aug-2025,23200,17.23,35.9,435
Call,28-Aug-2025,23250,0.0,2475.0,0
Put,28-Aug-2025,23250,0.0,82.45,0
Call,28-Aug-2025,23300,0.0,2071.8,0
Put,28-Aug-2025,23300,16.92,38.1,393
Call,28-Aug-2025,23350,0.0,1993.75,0
Put,28-Aug-2025,23350,0.0,77.05,0
Call,28-Aug-2025,23400,0.0,2144.15,0
Put,28-Aug-2025,23400,16.72,41.7,280
Call,28-Aug-2025,23450,0.0,1936.95,0
Put,28-Aug-2025,23450,0.0,101.95,0
Call,28-Aug-2025,23500,0.0,2226.85,0
Put,28-Aug-2025,23500,16.62,46.95,5985
Call,28-Aug-2025,23550,0.0,1847.85,0
Put,28-Aug-2025,23550,0.0,107.4,0
Call,28-Aug-2025,23600,0.0,1890.0,0
Put,28-Aug-2025,23600,16.35,50.45,417
Call,28-Aug-2025,23650,0.0,1759.35,0
Put,28-Aug-2025,23650,16.33,54.0,4
Call,28-Aug-2025,23700,0.0,1669.55,0
Put,28-Aug-2025,23700,16.14,55.15,575
Call,28-Aug-2025,23750,0.0,1637.45,0
Put,28-Aug-2025,23750,0.0,81.2,0
Call,28-Aug-2025,23800,0.0,1935.0,0
Put,28-Aug-2025,23800,16.01,61.5,907
Call,28-Aug-2025,23850,0.0,1590.35,0
Put,28-Aug-2025,23850,0.0,89.15,0
Call,28-Aug-2025,23900,0.0,1545.75,0
Put,28-Aug-2025,23900,15.93,69.35,576
Call,28-Aug-2025,23950,0.0,1502.7,0
Put,28-Aug-2025,23950,15.82,72.5,39
Call,28-Aug-2025,24000,0.0,1912.0,130
Put,28-Aug-2025,24000,15.85,78.25,10073
Call,28-Aug-2025,24050,0.0,1420.45,0
Put,28-Aug-2025,24050,0.0,105.0,0
Call,28-Aug-2025,24100,0.0,1351.0,0
Put,28-Aug-2025,24100,15.62,84.95,522
Call,28-Aug-2025,24150,0.0,1339.45,0
Put,28-Aug-2025,24150,0.0,131.8,0
Call,28-Aug-2025,24200,0.0,1450.1,0
Put,28-Aug-2025,24200,15.38,92.2,1881
Call,28-Aug-2025,24250,0.0,1700.0,7
Put,28-Aug-2025,24250,15.36,98.0,39
Call,28-Aug-2025,24300,0.0,1550.0,0
Put,28-Aug-2025,24300,15.36,104.9,725
Call,28-Aug-2025,24350,0.0,1155.85,0
Put,28-Aug-2025,24350,15.28,110.15,88
Call,28-Aug-2025,24400,0.0,1346.55,0
Put,28-Aug-2025,24400,15.17,114.75,1093
Call,28-Aug-2025,24450,0.0,1310.0,0
Put,28-Aug-2025,24450,15.2,123.25,13
Call,28-Aug-2025,24500,0.0,1479.65,328
Put,28-Aug-2025,24500,15.13,129.5,5576
Call,28-Aug-2025,24550,0.0,1033.3,0
Put,28-Aug-2025,24550,15.09,136.85,113
Call,28-Aug-2025,24600,0.0,1398.05,23
Put,28-Aug-2025,24600,15.07,145.15,428
Call,28-Aug-2025,24650,0.0,935.85,0
Put,28-Aug-2025,24650,15.01,152.65,58
Call,28-Aug-2025,24700,0.0,1291.15,55
Put,28-Aug-2025,24700,14.93,159.95,627
Call,28-Aug-2025,24750,0.0,911.65,0
Put,28-Aug-2025,24750,14.89,169.0,100
Call,28-Aug-2025,24800,0.0,1241.25,71
Put,28-Aug-2025,24800,14.87,178.7,1225
Call,28-Aug-2025,24850,4.07,1203.0,4
Put,28-Aug-2025,24850,14.82,188.1,96
Call,28-Aug-2025,24900,4.7,1155.0,12
Put,28-Aug-2025,24900,14.81,199.05,428
Call,28-Aug-2025,24950,6.43,1117.75,11
Put,28-Aug-2025,24950,14.74,208.6,52
Call,28-Aug-2025,25000,7.71,1089.8,1155
Put,28-Aug-2025,25000,14.76,221.35,6757
Call,28-Aug-2025,25050,7.89,1049.0,28
Put,28-Aug-2025,25050,14.7,232.3,21
Call,28-Aug-2025,25100,8.45,1017.9,52
Put,28-Aug-2025,25100,14.65,243.7,318
Call,28-Aug-2025,25150,4.32,911.35,5
Put,28-Aug-2025,25150,14.57,254.8,29
Call,28-Aug-2025,25200,8.16,927.45,335
Put,28-Aug-2025,25200,14.54,268.1,637
Call,28-Aug-2025,25250,8.94,907.85,1
Put,28-Aug-2025,25250,14.57,283.9,33
Call,28-Aug-2025,25300,8.86,866.35,135
Put,28-Aug-2025,25300,14.47,295.5,437
Call,28-Aug-2025,25350,0.0,730.3,0
Put,28-Aug-2025,25350,14.45,310.65,56
Call,28-Aug-2025,25400,9.02,795.4,212
Put,28-Aug-2025,25400,14.45,327.1,386
Call,28-Aug-2025,25450,0.0,672.15,0
Put,28-Aug-2025,25450,14.42,343.25,28
Call,28-Aug-2025,25500,9.22,728.1,2485
Put,28-Aug-2025,25500,14.38,359.0,4074
Call,28-Aug-2025,25550,9.32,698.9,70
Put,28-Aug-2025,25550,14.39,377.75,53
Call,28-Aug-2025,25600,9.25,662.8,582
Put,28-Aug-2025,25600,14.38,396.15,824
Call,28-Aug-2025,25650,9.42,636.5,56
Put,28-Aug-2025,25650,14.36,414.8,35
Call,28-Aug-2025,25700,9.58,610.8,583
Put,28-Aug-2025,25700,14.37,435.55,344
Call,28-Aug-2025,25750,9.57,579.6,51
Put,28-Aug-2025,25750,14.24,450.8,48
Call,28-Aug-2025,25800,9.5,546.95,866
Put,28-Aug-2025,25800,14.26,473.0,414
Call,28-Aug-2025,25850,9.58,521.5,60
Put,28-Aug-2025,25850,14.16,490.85,42
Call,28-Aug-2025,25900,9.59,493.85,219
Put,28-Aug-2025,25900,14.26,517.45,144
Call,28-Aug-2025,25950,9.61,467.7,31
Put,28-Aug-2025,25950,14.17,537.0,7
Call,28-Aug-2025,26000,9.62,442.0,4890
Put,28-Aug-2025,26000,14.36,569.0,2474
Call,28-Aug-2025,26050,9.66,418.4,42
Put,28-Aug-2025,26050,0.0,749.4,0
Call,28-Aug-2025,26100,9.69,395.6,178
Put,28-Aug-2025,26100,14.32,616.85,43
Call,28-Aug-2025,26150,9.62,369.5,50
Put,28-Aug-2025,26150,0.0,1048.65,0
Call,28-Aug-2025,26200,9.69,350.05,787
Put,28-Aug-2025,26200,14.39,672.0,66
Call,28-Aug-2025,26250,0.0,0.0,0
Put,28-Aug-2025,26250,0.0,1127.85,0
Call,28-Aug-2025,26300,9.78,311.95,388
Put,28-Aug-2025,26300,14.54,733.15,100
Call,28-Aug-2025,26350,0.0,286.1,0
Put,28-Aug-2025,26350,16.18,830.0,2
Call,28-Aug-2025,26400,9.79,274.05,280
Put,28-Aug-2025,26400,0.0,901.25,0
Call,28-Aug-2025,26450,0.0,0.0,0
Put,28-Aug-2025,26450,0.0,1237.75,0
Call,28-Aug-2025,26500,9.89,243.5,3378
Put,28-Aug-2025,26500,14.64,854.0,606
Call,28-Aug-2025,26550,0.0,0.0,0
Put,28-Aug-2025,26550,0.0,1355.85,0
Call,28-Aug-2025,26600,9.82,209.3,666
Put,28-Aug-2025,26600,15.16,937.0,6
Call,28-Aug-2025,26650,0.0,0.0,0
Put,28-Aug-2025,26650,0.0,1442.2,0
Call,28-Aug-2025,26700,0.0,0.0,0
Put,28-Aug-2025,26700,0.0,1260.25,0
Call,28-Aug-2025,26750,0.0,0.0,0
Put,28-Aug-2025,26750,0.0,1522.25,0
Call,28-Aug-2025,26800,9.91,158.7,1172
Put,28-Aug-2025,26800,0.0,1569.2,0
Call,28-Aug-2025,26850,0.0,0.0,0
Put,28-Aug-2025,26850,0.0,1330.0,0
Call,28-Aug-2025,26900,0.0,0.0,0
Put,28-Aug-2025,26900,0.0,1610.55,0
Call,28-Aug-2025,26950,0.0,0.0,0
Put,28-Aug-2025,26950,0.0,0.0,0
Call,28-Aug-2025,27000,10.03,119.75,7633
Put,28-Aug-2025,27000,15.58,1220.0,196
Call,28-Aug-2025,27050,9.95,108.2,12
Put,28-Aug-2025,27050,0.0,0.0,0
Call,28-Aug-2025,27100,0.0,0.0,0
Put,28-Aug-2025,27100,0.0,0.0,0
Call,28-Aug-2025,27150,0.0,0.0,0
Put,28-Aug-2025,27150,0.0,0.0,0
Call,28-Aug-2025,27200,0.0,0.0,0
Put,28-Aug-2025,27200,0.0,0.0,0
Call,28-Aug-2025,27250,0.0,0.0,0
Put,28-Aug-2025,27250,0.0,0.0,0
Call,28-Aug-2025,27300,0.0,0.0,0
Put,28-Aug-2025,27300,0.0,0.0,0
Put,28-Dec-2028,18000,0.0,250.0,0
Put,28-Dec-2028,20000,0.0,358.0,0
Put,28-Dec-2028,21000,0.0,618.05,0
Put,28-Dec-2028,22000,0.0,521.3,0
Put,28-Dec-2028,23000,0.0,670.0,0
Put,28-Dec-2028,24000,0.0,950.0,0
Put,28-Dec-2028,25000,0.0,1200.0,0
Put,28-Dec-2028,26000,0.0,0.0,0
Put,28-Dec-2028,27000,0.0,0.0,0
Put,28-Dec-2028,28000,0.0,0.0,0
Put,28-Dec-2028,29000,0.0,0.0,0
Put,28-Dec-2028,30000,0.0,0.0,0
Put,28-Jun-2029,21000,0.0,0.0,0
Put,28-Jun-2029,22000,0.0,0.0,0
Put,28-Jun-2029,23000,0.0,0.0,0
Put,28-Jun-2029,24000,0.0,694.05,0
Put,28-Jun-2029,25000,0.0,0.0,0
Put,28-Jun-2029,26000,0.0,1391.75,0
Put,28-Jun-2029,27000,0.0,0.0,0
Put,28-Jun-2029,28000,0.0,0.0,0
Put,28-Jun-2029,29000,0.0,0.0,0
Put,28-Jun-2029,30000,0.0,0.0,0
Put,28-Jun-2029,31000,0.0,0.0,0
Put,29-Jun-2028,21000,0.0,0.0,0
Put,29-Jun-2028,22000,0.0,520.05,0
Put,29-Jun-2028,23000,0.0,0.0,0
Put,29-Jun-2028,24000,0.0,0.0,0
Put,29-Jun-2028,25000,0.0,0.0,0
Put,29-Jun-2028,26000,0.0,0.0,0
Put,29-Jun-2028,27000,0.0,0.0,0
Put,29-Jun-2028,28000,0.0,0.0,0
Put,29-Jun-2028,29000,0.0,0.0,0
Put,30-Dec-2027,15000,0.0,43.05,0
Put,30-Dec-2027,17000,0.0,94.05,0
Put,30-Dec-2027,18000,24.17,174.95,1
Put,30-Dec-2027,19000,0.0,299.95,0
Put,30-Dec-2027,20000,0.0,460.0,0
Put,30-Dec-2027,21000,0.0,440.05,0
Put,30-Dec-2027,22000,0.0,495.0,0
Put,30-Dec-2027,23000,0.0,700.05,0
Put,30-Dec-2027,24000,0.0,900.0,0
Put,30-Dec-2027,25000,0.0,1546.4,0
Put,30-Dec-2027,26000,0.0,1951.6,0
Put,30-Dec-2027,27000,0.0,2492.45,0
Call,30-Dec-2027,28000,0.0,0.0,0
Put,30-Dec-2027,28000,0.0,0.0,0
Call,30-Dec-2027,29000,0.0,0.0,0
Put,30-Dec-2027,29000,0.0,0.0,0
Call,30-Dec-2027,30000,0.0,0.0,0
Call,30-Dec-2027,31000,0.0,0.0,0
Put,31-Dec-2026,12000,0.0,20.05,0
Put,31-Dec-2026,13000,0.0,20.3,0
Put,31-Dec-2026,14000,0.0,21.3,0
Put,31-Dec-2026,15000,0.0,25.05,0
Put,31-Dec-2026,16000,0.0,23.3,0
Put,31-Dec-2026,17000,0.0,97.05,0
Put,31-Dec-2026,18000,0.0,132.0,0
Put,31-Dec-2026,19000,0.0,109.35,0
Put,31-Dec-2026,20000,0.0,241.0,0
Put,31-Dec-2026,21000,21.64,249.35,5
Call,31-Dec-2026,22000,0.0,5400.0,0
Put,31-Dec-2026,22000,0.0,386.9,0
Call,31-Dec-2026,23000,0.0,4870.0,1
Put,31-Dec-2026,23000,20.77,461.6,27
Call,31-Dec-2026,24000,0.0,3640.0,0
Put,31-Dec-2026,24000,20.8,645.0,29
Call,31-Dec-2026,25000,0.0,3459.95,12
Put,31-Dec-2026,25000,20.3,825.0,37
Call,31-Dec-2026,26000,0.0,2700.0,4
Put,31-Dec-2026,26000,20.08,1068.0,113
Call,31-Dec-2026,27000,0.0,2154.95,3
Put,31-Dec-2026,27000,20.05,1375.0,7
Call,31-Dec-2026,28000,4.78,1670.0,10
Put,31-Dec-2026,28000,20.6,1799.95,5
Call,31-Dec-2026,29000,6.53,1210.0,14
Put,31-Dec-2026,29000,0.0,0.0,0
Call,31-Dec-2026,30000,0.0,0.0,0
Call,31-Dec-2026,31000,0.0,0.0,0
Call,31-Jul-2025,22250,0.0,3526.4,1
Put,31-Jul-2025,22250,22.17,7.2,3516
Call,31-Jul-2025,22300,0.0,3409.8,40
Put,31-Jul-2025,22300,22.2,8.0,4113
Call,31-Jul-2025,22350,0.0,2811.7,0
Put,31-Jul-2025,22350,21.67,7.4,390
Call,31-Jul-2025,22400,0.0,3220.0,4
Put,31-Jul-2025,22400,21.44,7.55,827
Call,31-Jul-2025,22450,0.0,2661.1,0
Put,31-Jul-2025,22450,21.21,7.7,346
Call,31-Jul-2025,22500,0.0,3226.7,734
Put,31-Jul-2025,22500,20.8,7.4,13729
Call,31-Jul-2025,22550,0.0,2638.0,0
Put,31-Jul-2025,22550,20.83,8.25,491
Call,31-Jul-2025,22600,0.0,2835.0,0
Put,31-Jul-2025,22600,20.68,8.65,711
Call,31-Jul-2025,22650,0.0,2468.4,0
Put,31-Jul-2025,22650,20.48,8.95,340
Call,31-Jul-2025,22700,0.0,3000.45,1
Put,31-Jul-2025,22700,20.37,9.5,1708
Call,31-Jul-2025,22750,0.0,2456.25,0
Put,31-Jul-2025,22750,20.24,10.05,97
Call,31-Jul-2025,22800,0.0,2780.0,0
Put,31-Jul-2025,22800,19.88,9.85,2985
Call,31-Jul-2025,22850,0.0,2359.75,0
Put,31-Jul-2025,22850,19.76,10.45,353
Call,31-Jul-2025,22900,0.0,2830.0,1
Put,31-Jul-2025,22900,19.65,11.15,1083
Call,31-Jul-2025,22950,0.0,2263.6,0
Put,31-Jul-2025,22950,19.52,11.8,262
Call,31-Jul-2025,23000,0.0,2747.5,1141
Put,31-Jul-2025,23000,19.39,12.5,21671
Call,31-Jul-2025,23050,0.0,2430.15,0
Put,31-Jul-2025,23050,19.16,12.8,253
Call,31-Jul-2025,23100,0.0,2655.0,2
Put,31-Jul-2025,23100,19.17,14.15,1683
Call,31-Jul-2025,23150,0.0,2075.25,0
Put,31-Jul-2025,23150,18.78,13.8,2242
Call,31-Jul-2025,23200,0.0,2404.25,0
Put,31-Jul-2025,23200,18.53,14.05,5078
Call,31-Jul-2025,23250,0.0,1980.25,0
Put,31-Jul-2025,23250,18.49,15.35,597
Call,31-Jul-2025,23300,0.0,2390.0,1
Put,31-Jul-2025,23300,18.31,16.0,4653
Call,31-Jul-2025,23350,0.0,2351.0,1
Put,31-Jul-2025,23350,18.27,17.45,509
Call,31-Jul-2025,23400,0.0,2309.7,15
Put,31-Jul-2025,23400,18.07,18.15,6749
Call,31-Jul-2025,23450,0.0,1786.45,0
Put,31-Jul-2025,23450,17.77,18.25,1188
Call,31-Jul-2025,23500,0.0,2254.0,223
Put,31-Jul-2025,23500,17.74,20.0,58337
Call,31-Jul-2025,23550,0.0,2154.4,1
Put,31-Jul-2025,23550,17.49,20.45,779
Call,31-Jul-2025,23600,0.0,2145.9,46
Put,31-Jul-2025,23600,17.28,21.2,7920
Call,31-Jul-2025,23650,0.0,1592.05,0
Put,31-Jul-2025,23650,17.1,22.15,488
Call,31-Jul-2025,23700,0.0,2051.0,16
Put,31-Jul-2025,23700,16.93,23.25,11495
Call,31-Jul-2025,23750,0.0,1730.0,0
Put,31-Jul-2025,23750,16.76,24.4,464
Call,31-Jul-2025,23800,0.0,1943.3,15
Put,31-Jul-2025,23800,16.54,25.3,13280
Call,31-Jul-2025,23850,0.0,1371.45,0
Put,31-Jul-2025,23850,16.46,27.3,1857
Call,31-Jul-2025,23900,0.0,1891.5,2
Put,31-Jul-2025,23900,16.28,28.65,6384
Call,31-Jul-2025,23950,0.0,1297.35,0
Put,31-Jul-2025,23950,16.22,31.05,839
Call,31-Jul-2025,24000,0.0,1770.6,1293
Put,31-Jul-2025,24000,16.11,33.3,46402
Call,31-Jul-2025,24050,0.0,1600.0,0
Put,31-Jul-2025,24050,15.94,35.0,612
Call,31-Jul-2025,24100,0.0,1648.65,81
Put,31-Jul-2025,24100,15.75,36.7,6536
Call,31-Jul-2025,24150,0.0,1613.4,5
Put,31-Jul-2025,24150,15.65,39.4,642
Call,31-Jul-2025,24200,0.0,1590.0,74
Put,31-Jul-2025,24200,15.5,41.65,10531
Call,31-Jul-2025,24250,0.0,1333.9,0
Put,31-Jul-2025,24250,15.4,44.7,487
Call,31-Jul-2025,24300,0.0,1476.9,32
Put,31-Jul-2025,24300,15.29,47.95,8758
Call,31-Jul-2025,24350,0.0,1380.75,9
Put,31-Jul-2025,24350,15.18,51.25,1548
Call,31-Jul-2025,24400,0.0,1399.0,90
Put,31-Jul-2025,24400,15.0,54.0,28183
Call,31-Jul-2025,24450,0.0,1357.15,46
Put,31-Jul-2025,24450,14.96,58.7,1862
Call,31-Jul-2025,24500,0.0,1317.25,1658
Put,31-Jul-2025,24500,14.8,62.15,50970
Call,31-Jul-2025,24550,0.0,1206.9,19
Put,31-Jul-2025,24550,14.69,66.6,1652
Call,31-Jul-2025,24600,0.0,1220.0,160
Put,31-Jul-2025,24600,14.71,73.3,11253
Call,31-Jul-2025,24650,0.0,1162.45,12
Put,31-Jul-2025,24650,14.52,77.1,1320
Call,31-Jul-2025,24700,0.0,1135.75,129
Put,31-Jul-2025,24700,14.41,82.35,10592
Call,31-Jul-2025,24750,0.0,1107.25,28
Put,31-Jul-2025,24750,14.34,88.9,1572
Call,31-Jul-2025,24800,0.0,1051.4,639
Put,31-Jul-2025,24800,14.26,95.55,15623
Call,31-Jul-2025,24850,0.0,1004.0,47
Put,31-Jul-2025,24850,14.18,102.5,1369
Call,31-Jul-2025,24900,0.0,963.35,579
Put,31-Jul-2025,24900,14.13,110.95,10825
Call,31-Jul-2025,24950,7.05,925.7,60
Put,31-Jul-2025,24950,14.04,118.9,1363
Call,31-Jul-2025,25000,7.21,880.05,9905
Put,31-Jul-2025,25000,13.88,125.7,54666
Call,31-Jul-2025,25050,7.84,841.05,154
Put,31-Jul-2025,25050,13.89,137.0,1101
Call,31-Jul-2025,25100,8.27,802.4,1789
Put,31-Jul-2025,25100,13.84,147.55,12500
Call,31-Jul-2025,25150,8.67,765.8,273
Put,31-Jul-2025,25150,13.79,158.55,1138
Call,31-Jul-2025,25200,8.91,728.4,4354
Put,31-Jul-2025,25200,13.74,170.55,17414
Call,31-Jul-2025,25250,8.92,688.0,664
Put,31-Jul-2025,25250,13.65,182.0,2824
Call,31-Jul-2025,25300,8.99,649.75,5417
Put,31-Jul-2025,25300,13.55,193.95,16166
Call,31-Jul-2025,25350,9.5,623.4,468
Put,31-Jul-2025,25350,13.5,207.9,1408
Call,31-Jul-2025,25400,9.44,585.0,6857
Put,31-Jul-2025,25400,13.5,224.0,13203
Call,31-Jul-2025,25450,9.35,546.85,594
Put,31-Jul-2025,25450,13.51,241.25,1393
Call,31-Jul-2025,25500,9.61,515.0,35083
Put,31-Jul-2025,25500,13.41,255.1,54930
Call,31-Jul-2025,25550,9.61,485.8,2913
Put,31-Jul-2025,25550,13.47,276.7,3895
Call,31-Jul-2025,25600,9.61,453.45,24043
Put,31-Jul-2025,25600,13.37,293.45,23300
Call,31-Jul-2025,25650,9.65,424.0,3004
Put,31-Jul-2025,25650,13.36,313.55,3154
Call,31-Jul-2025,25700,9.64,394.0,20827
Put,31-Jul-2025,25700,13.39,336.0,17498
Call,31-Jul-2025,25750,9.78,369.95,2330
Put,31-Jul-2025,25750,13.31,355.75,1667
Call,31-Jul-2025,25800,9.83,344.4,17952
Put,31-Jul-2025,25800,13.27,377.85,15001
Call,31-Jul-2025,25850,9.71,315.15,1710
Put,31-Jul-2025,25850,13.47,408.5,503
Call,31-Jul-2025,25900,9.73,291.15,7668
Put,31-Jul-2025,25900,13.41,431.7,1229
Call,31-Jul-2025,25950,9.78,269.45,1497
Put,31-Jul-2025,25950,13.48,460.05,201
Call,31-Jul-2025,26000,9.79,248.0,67006
Put,31-Jul-2025,26000,13.26,480.05,12576
Call,31-Jul-2025,26050,9.77,226.8,1588
Put,31-Jul-2025,26050,13.41,512.95,102
Call,31-Jul-2025,26100,9.78,207.5,8712
Put,31-Jul-2025,26100,13.57,546.75,430
Call,31-Jul-2025,26150,9.81,190.35,1245
Put,31-Jul-2025,26150,13.62,577.95,48
Call,31-Jul-2025,26200,9.83,173.9,19000
Put,31-Jul-2025,26200,13.57,606.9,401
Call,31-Jul-2025,26250,9.8,157.0,1137
Put,31-Jul-2025,26250,14.17,656.15,62
Call,31-Jul-2025,26300,9.77,141.45,15393
Put,31-Jul-2025,26300,13.86,679.2,214
Call,31-Jul-2025,26350,9.81,128.75,956
Put,31-Jul-2025,26350,14.34,726.0,14
Call,31-Jul-2025,26400,9.84,116.95,10382
Put,31-Jul-2025,26400,14.0,750.0,105
Call,31-Jul-2025,26450,9.83,104.85,1472
Put,31-Jul-2025,26450,14.25,791.4,2
Call,31-Jul-2025,26500,9.83,94.0,51944
Put,31-Jul-2025,26500,14.25,826.6,4318
Call,31-Jul-2025,26550,9.82,84.1,790
Put,31-Jul-2025,26550,0.0,1143.4,0
Call,31-Jul-2025,26600,9.86,75.7,8213
Put,31-Jul-2025,26600,14.83,914.0,32
Call,31-Jul-2025,26650,9.87,67.75,1151
Put,31-Jul-2025,26650,0.0,1453.35,0
Call,31-Jul-2025,26700,9.89,60.8,12170
Put,31-Jul-2025,26700,15.08,994.5,49
Call,31-Jul-2025,26750,9.92,54.2,1553
Put,31-Jul-2025,26750,0.0,1544.9,0
Call,31-Jul-2025,26800,9.86,47.05,17559
Put,31-Jul-2025,26800,15.25,1075.0,54
Call,31-Jul-2025,26850,0.0,0.0,0
Put,31-Jul-2025,26850,0.0,1504.5,0
Call,31-Jul-2025,26900,10.0,38.3,45102
Put,31-Jul-2025,26900,15.66,1163.0,437
Call,31-Jul-2025,26950,9.99,33.65,460
Put,31-Jul-2025,26950,0.0,0.0,0
Call,31-Jul-2025,27000,10.02,29.8,36508
Put,31-Jul-2025,27000,16.24,1255.7,2826
Call,31-Jul-2025,27050,0.0,0.0,0
Put,31-Jul-2025,27050,0.0,0.0,0
Call,31-Jul-2025,27100,0.0,0.0,0
Put,31-Jul-2025,27100,0.0,0.0,0
Call,31-Jul-2025,27150,0.0,0.0,0
Put,31-Jul-2025,27150,0.0,0.0,0
Call,31-Jul-2025,27200,10.25,19.25,3659
Put,31-Jul-2025,27200,0.0,0.0,0
Call,31-Jul-2025,27250,0.0,0.0,0
Put,31-Jul-2025,27250,0.0,0.0,0
Call,31-Jul-2025,27300,10.3,14.9,6813
Put,31-Jul-2025,27300,17.56,1530.0,68
